{
  "accuracy": 0.8486412763595581,
  "loss": 0.3969646096229553,
  "val_accuracy": 0.8840999603271484,
  "val_loss": 0.31778740882873535,
  "epoch": 7,
  "global_step": 2760
}